name,ingredients,diet,prep_time,cook_time,flavor_profile,course,state,region,description
Balu shahi,"Maida flour, yogurt, oil, sugar",vegetarian,45,25,sweet,dessert,West Bengal,East,"Balu shahi is a vegetarian dessert from West Bengal in the East region of India. It has a sweet flavor. Preparation time is 45 minutes and cooking time is 25 minutes. Main ingredients include Maida flour, yogurt, oil, sugar."
Boondi,"Gram flour, ghee, sugar",vegetarian,80,30,sweet,dessert,Rajasthan,West,"Boondi is a vegetarian dessert from Rajasthan in the West region of India. It has a sweet flavor. Preparation time is 80 minutes and cooking time is 30 minutes. Main ingredients include Gram flour, ghee, sugar."
Gajar ka halwa,"Carrots, milk, sugar, ghee, cashews, raisins",vegetarian,15,60,sweet,dessert,Punjab,North,"Gajar ka halwa is a vegetarian dessert from Punjab in the North region of India. It has a sweet flavor. Preparation time is 15 minutes and cooking time is 60 minutes. Main ingredients include Carrots, milk, sugar, ghee, cashews, raisins."
Ghevar,"Flour, ghee, kewra, milk, clarified butter, sugar, almonds, pistachio, saffron, green cardamom",vegetarian,15,30,sweet,dessert,Rajasthan,West,"Ghevar is a vegetarian dessert from Rajasthan in the West region of India. It has a sweet flavor. Preparation time is 15 minutes and cooking time is 30 minutes. Main ingredients include Flour, ghee, kewra, milk, clarified butter, sugar, almonds, pistachio, saffron, green cardamom."
Gulab jamun,"Milk powder, plain flour, baking powder, ghee, milk, sugar, water, rose water",vegetarian,15,40,sweet,dessert,West Bengal,East,"Gulab jamun is a vegetarian dessert from West Bengal in the East region of India. It has a sweet flavor. Preparation time is 15 minutes and cooking time is 40 minutes. Main ingredients include Milk powder, plain flour, baking powder, ghee, milk, sugar, water, rose water."
Imarti,"Sugar syrup, lentil flour",vegetarian,10,50,sweet,dessert,West Bengal,East,"Imarti is a vegetarian dessert from West Bengal in the East region of India. It has a sweet flavor. Preparation time is 10 minutes and cooking time is 50 minutes. Main ingredients include Sugar syrup, lentil flour."
Jalebi,"Maida, corn flour, baking soda, vinegar, curd, water, turmeric, saffron, cardamom",vegetarian,10,50,sweet,dessert,Uttar Pradesh,North,"Jalebi is a vegetarian dessert from Uttar Pradesh in the North region of India. It has a sweet flavor. Preparation time is 10 minutes and cooking time is 50 minutes. Main ingredients include Maida, corn flour, baking soda, vinegar, curd, water, turmeric, saffron, cardamom."
Kaju katli,"Cashews, ghee, cardamom, sugar",vegetarian,10,20,sweet,dessert,-1,-1,"Kaju katli is a vegetarian dessert from -1 in the -1 region of India. It has a sweet flavor. Preparation time is 10 minutes and cooking time is 20 minutes. Main ingredients include Cashews, ghee, cardamom, sugar."
Kalakand,"Milk, cottage cheese, sugar",vegetarian,20,30,sweet,dessert,West Bengal,East,"Kalakand is a vegetarian dessert from West Bengal in the East region of India. It has a sweet flavor. Preparation time is 20 minutes and cooking time is 30 minutes. Main ingredients include Milk, cottage cheese, sugar."
Kheer,"Milk, rice, sugar, dried fruits",vegetarian,10,40,sweet,dessert,-1,-1,"Kheer is a vegetarian dessert from -1 in the -1 region of India. It has a sweet flavor. Preparation time is 10 minutes and cooking time is 40 minutes. Main ingredients include Milk, rice, sugar, dried fruits."
Laddu,"Gram flour, ghee, sugar",vegetarian,10,40,sweet,dessert,-1,-1,"Laddu is a vegetarian dessert from -1 in the -1 region of India. It has a sweet flavor. Preparation time is 10 minutes and cooking time is 40 minutes. Main ingredients include Gram flour, ghee, sugar."
Lassi,"Yogurt, milk, nuts, sugar",vegetarian,5,5,sweet,dessert,Punjab,North,"Lassi is a vegetarian dessert from Punjab in the North region of India. It has a sweet flavor. Preparation time is 5 minutes and cooking time is 5 minutes. Main ingredients include Yogurt, milk, nuts, sugar."
Nankhatai,"Refined flour, besan, ghee, powdered sugar, yoghurt, green cardamom",vegetarian,20,30,sweet,dessert,-1,-1,"Nankhatai is a vegetarian dessert from -1 in the -1 region of India. It has a sweet flavor. Preparation time is 20 minutes and cooking time is 30 minutes. Main ingredients include Refined flour, besan, ghee, powdered sugar, yoghurt, green cardamom."
Petha,"Firm white pumpkin, sugar, kitchen lime, alum powder",vegetarian,10,30,sweet,dessert,Uttar Pradesh,North,"Petha is a vegetarian dessert from Uttar Pradesh in the North region of India. It has a sweet flavor. Preparation time is 10 minutes and cooking time is 30 minutes. Main ingredients include Firm white pumpkin, sugar, kitchen lime, alum powder."
Phirni,"Rice, sugar, nuts",vegetarian,30,20,sweet,dessert,Odisha,East,"Phirni is a vegetarian dessert from Odisha in the East region of India. It has a sweet flavor. Preparation time is 30 minutes and cooking time is 20 minutes. Main ingredients include Rice, sugar, nuts."
Rabri,"Condensed milk, sugar, spices, nuts",vegetarian,10,45,sweet,dessert,Uttar Pradesh,North,"Rabri is a vegetarian dessert from Uttar Pradesh in the North region of India. It has a sweet flavor. Preparation time is 10 minutes and cooking time is 45 minutes. Main ingredients include Condensed milk, sugar, spices, nuts."
Sheera,"Semolina, ghee, nuts, milk",vegetarian,10,25,sweet,dessert,Maharashtra,West,"Sheera is a vegetarian dessert from Maharashtra in the West region of India. It has a sweet flavor. Preparation time is 10 minutes and cooking time is 25 minutes. Main ingredients include Semolina, ghee, nuts, milk."
Singori,"Khoa, coconut, molu leaf",vegetarian,10,20,sweet,dessert,Uttarakhand,North,"Singori is a vegetarian dessert from Uttarakhand in the North region of India. It has a sweet flavor. Preparation time is 10 minutes and cooking time is 20 minutes. Main ingredients include Khoa, coconut, molu leaf."
Sohan halwa,"Corn flour, ghee, dry fruits",vegetarian,10,60,sweet,dessert,Uttar Pradesh,North,"Sohan halwa is a vegetarian dessert from Uttar Pradesh in the North region of India. It has a sweet flavor. Preparation time is 10 minutes and cooking time is 60 minutes. Main ingredients include Corn flour, ghee, dry fruits."
Sohan papdi,"Gram flour, ghee, sugar, milk, cardamom",vegetarian,-1,60,sweet,dessert,Maharashtra,West,"Sohan papdi is a vegetarian dessert from Maharashtra in the West region of India. It has a sweet flavor. Preparation time is -1 minutes and cooking time is 60 minutes. Main ingredients include Gram flour, ghee, sugar, milk, cardamom."
Chhena jalebi,"Chhena, sugar, ghee",vegetarian,10,50,sweet,dessert,Odisha,East,"Chhena jalebi is a vegetarian dessert from Odisha in the East region of India. It has a sweet flavor. Preparation time is 10 minutes and cooking time is 50 minutes. Main ingredients include Chhena, sugar, ghee."
Chhena kheeri,"Chhena, sugar, milk",vegetarian,-1,60,sweet,dessert,Odisha,East,"Chhena kheeri is a vegetarian dessert from Odisha in the East region of India. It has a sweet flavor. Preparation time is -1 minutes and cooking time is 60 minutes. Main ingredients include Chhena, sugar, milk."
Chhena poda,"Sugar, chenna cheese",vegetarian,10,45,sweet,dessert,Odisha,East,"Chhena poda is a vegetarian dessert from Odisha in the East region of India. It has a sweet flavor. Preparation time is 10 minutes and cooking time is 45 minutes. Main ingredients include Sugar, chenna cheese."
Cham cham,"Flour, cream, sugar, saffron, lemon juice, coconut flakes",vegetarian,40,60,sweet,dessert,West Bengal,East,"Cham cham is a vegetarian dessert from West Bengal in the East region of India. It has a sweet flavor. Preparation time is 40 minutes and cooking time is 60 minutes. Main ingredients include Flour, cream, sugar, saffron, lemon juice, coconut flakes."
Kheer sagar,"Chenna, condensed milk, sugar, saffron, cardamom",vegetarian,25,60,sweet,dessert,Odisha,East,"Kheer sagar is a vegetarian dessert from Odisha in the East region of India. It has a sweet flavor. Preparation time is 25 minutes and cooking time is 60 minutes. Main ingredients include Chenna, condensed milk, sugar, saffron, cardamom."
Ledikeni,"Chhena, sugar, ghee",vegetarian,45,45,sweet,dessert,West Bengal,East,"Ledikeni is a vegetarian dessert from West Bengal in the East region of India. It has a sweet flavor. Preparation time is 45 minutes and cooking time is 45 minutes. Main ingredients include Chhena, sugar, ghee."
Lyangcha,"Flour, fried milk power, sugar syrup",vegetarian,20,30,sweet,dessert,Assam,North East,"Lyangcha is a vegetarian dessert from Assam in the North East region of India. It has a sweet flavor. Preparation time is 20 minutes and cooking time is 30 minutes. Main ingredients include Flour, fried milk power, sugar syrup."
Malapua,"Yoghurt, refined flour, ghee, fennel seeds",vegetarian,10,120,sweet,dessert,Bihar,North,"Malapua is a vegetarian dessert from Bihar in the North region of India. It has a sweet flavor. Preparation time is 10 minutes and cooking time is 120 minutes. Main ingredients include Yoghurt, refined flour, ghee, fennel seeds."
Mihidana,"Besan flour, sugar, ghee",vegetarian,15,30,sweet,dessert,West Bengal,East,"Mihidana is a vegetarian dessert from West Bengal in the East region of India. It has a sweet flavor. Preparation time is 15 minutes and cooking time is 30 minutes. Main ingredients include Besan flour, sugar, ghee."
Misti doi,"Milk, jaggery",vegetarian,480,30,sweet,dessert,West Bengal,East,"Misti doi is a vegetarian dessert from West Bengal in the East region of India. It has a sweet flavor. Preparation time is 480 minutes and cooking time is 30 minutes. Main ingredients include Milk, jaggery."
Pantua,"Chhena, sugar, ghee, flour",vegetarian,45,45,sweet,dessert,West Bengal,East,"Pantua is a vegetarian dessert from West Bengal in the East region of India. It has a sweet flavor. Preparation time is 45 minutes and cooking time is 45 minutes. Main ingredients include Chhena, sugar, ghee, flour."
Pithe,"Rice flour, wheat flour",vegetarian,15,35,sweet,dessert,Assam,North East,"Pithe is a vegetarian dessert from Assam in the North East region of India. It has a sweet flavor. Preparation time is 15 minutes and cooking time is 35 minutes. Main ingredients include Rice flour, wheat flour."
Rasabali,"Chenna, sweetened milk",vegetarian,15,30,sweet,dessert,Odisha,East,"Rasabali is a vegetarian dessert from Odisha in the East region of India. It has a sweet flavor. Preparation time is 15 minutes and cooking time is 30 minutes. Main ingredients include Chenna, sweetened milk."
Ras malai,"Chhena, reduced milk, pistachio",vegetarian,180,60,sweet,dessert,West Bengal,East,"Ras malai is a vegetarian dessert from West Bengal in the East region of India. It has a sweet flavor. Preparation time is 180 minutes and cooking time is 60 minutes. Main ingredients include Chhena, reduced milk, pistachio."
Rasgulla,"Chhena, sugar, cardamom",vegetarian,10,90,sweet,dessert,West Bengal,East,"Rasgulla is a vegetarian dessert from West Bengal in the East region of India. It has a sweet flavor. Preparation time is 10 minutes and cooking time is 90 minutes. Main ingredients include Chhena, sugar, cardamom."
Sandesh,"Milk, sugar, saffron, cardamom",vegetarian,30,20,sweet,dessert,West Bengal,East,"Sandesh is a vegetarian dessert from West Bengal in the East region of India. It has a sweet flavor. Preparation time is 30 minutes and cooking time is 20 minutes. Main ingredients include Milk, sugar, saffron, cardamom."
Adhirasam,"Rice flour, jaggery, ghee, vegetable oil, elachi",vegetarian,10,50,sweet,dessert,West Bengal,East,"Adhirasam is a vegetarian dessert from West Bengal in the East region of India. It has a sweet flavor. Preparation time is 10 minutes and cooking time is 50 minutes. Main ingredients include Rice flour, jaggery, ghee, vegetable oil, elachi."
Ariselu,"Rice flour, jaggery, ghee",vegetarian,15,75,sweet,dessert,Andhra Pradesh,South,"Ariselu is a vegetarian dessert from Andhra Pradesh in the South region of India. It has a sweet flavor. Preparation time is 15 minutes and cooking time is 75 minutes. Main ingredients include Rice flour, jaggery, ghee."
Bandar laddu,"Besan, jaggery, cardamom powder, ghee, cashews and raisins, jaggery syrup, sugar",vegetarian,5,35,sweet,dessert,Andhra Pradesh,South,"Bandar laddu is a vegetarian dessert from Andhra Pradesh in the South region of India. It has a sweet flavor. Preparation time is 5 minutes and cooking time is 35 minutes. Main ingredients include Besan, jaggery, cardamom powder, ghee, cashews and raisins, jaggery syrup, sugar."
Chikki,"Peanuts, jaggery",vegetarian,10,20,sweet,dessert,Maharashtra,West,"Chikki is a vegetarian dessert from Maharashtra in the West region of India. It has a sweet flavor. Preparation time is 10 minutes and cooking time is 20 minutes. Main ingredients include Peanuts, jaggery."
Dharwad pedha,"Milk, Sugar, Dharwadi buffalo milk",vegetarian,20,60,sweet,dessert,Karnataka,South,"Dharwad pedha is a vegetarian dessert from Karnataka in the South region of India. It has a sweet flavor. Preparation time is 20 minutes and cooking time is 60 minutes. Main ingredients include Milk, Sugar, Dharwadi buffalo milk."
Double ka meetha,"Loaf bread, milk",vegetarian,20,30,sweet,dessert,Telangana,South,"Double ka meetha is a vegetarian dessert from Telangana in the South region of India. It has a sweet flavor. Preparation time is 20 minutes and cooking time is 30 minutes. Main ingredients include Loaf bread, milk."
Gavvalu,"Rice flour, sugar, salt, ghee, semolina",vegetarian,10,30,sweet,dessert,Andhra Pradesh,South,"Gavvalu is a vegetarian dessert from Andhra Pradesh in the South region of India. It has a sweet flavor. Preparation time is 10 minutes and cooking time is 30 minutes. Main ingredients include Rice flour, sugar, salt, ghee, semolina."
Kakinada khaja,"Wheat flour, sugar",vegetarian,10,30,sweet,dessert,Andhra Pradesh,South,"Kakinada khaja is a vegetarian dessert from Andhra Pradesh in the South region of India. It has a sweet flavor. Preparation time is 10 minutes and cooking time is 30 minutes. Main ingredients include Wheat flour, sugar."
Kuzhi paniyaram,"Black lentils, rice",vegetarian,10,20,sweet,dessert,Kerala,South,"Kuzhi paniyaram is a vegetarian dessert from Kerala in the South region of India. It has a sweet flavor. Preparation time is 10 minutes and cooking time is 20 minutes. Main ingredients include Black lentils, rice."
Mysore pak,"Besan flour, semolina, mung bean, jaggery, coconut, skimmed milk powder, sugar, ghee",vegetarian,5,20,sweet,dessert,Karnataka,South,"Mysore pak is a vegetarian dessert from Karnataka in the South region of India. It has a sweet flavor. Preparation time is 5 minutes and cooking time is 20 minutes. Main ingredients include Besan flour, semolina, mung bean, jaggery, coconut, skimmed milk powder, sugar, ghee."
Obbattu holige,"Maida flour, turmeric, coconut, chickpeas, jaggery, ghee, cardamom",vegetarian,180,60,sweet,main course,Karnataka,South,"Obbattu holige is a vegetarian main course from Karnataka in the South region of India. It has a sweet flavor. Preparation time is 180 minutes and cooking time is 60 minutes. Main ingredients include Maida flour, turmeric, coconut, chickpeas, jaggery, ghee, cardamom."
Palathalikalu,"Rice flour, milk",vegetarian,10,25,sweet,dessert,Andhra Pradesh,South,"Palathalikalu is a vegetarian dessert from Andhra Pradesh in the South region of India. It has a sweet flavor. Preparation time is 10 minutes and cooking time is 25 minutes. Main ingredients include Rice flour, milk."
Poornalu,"Chana dal, jaggery",vegetarian,240,60,sweet,dessert,Andhra Pradesh,South,"Poornalu is a vegetarian dessert from Andhra Pradesh in the South region of India. It has a sweet flavor. Preparation time is 240 minutes and cooking time is 60 minutes. Main ingredients include Chana dal, jaggery."
Pongal,"Rice, jaggery, cashews, ghee",vegetarian,5,20,sweet,dessert,Tamil Nadu,South,"Pongal is a vegetarian dessert from Tamil Nadu in the South region of India. It has a sweet flavor. Preparation time is 5 minutes and cooking time is 20 minutes. Main ingredients include Rice, jaggery, cashews, ghee."
Pootharekulu,"Rice flour, powdered sugar, ghee",vegetarian,10,60,sweet,dessert,Andhra Pradesh,South,"Pootharekulu is a vegetarian dessert from Andhra Pradesh in the South region of India. It has a sweet flavor. Preparation time is 10 minutes and cooking time is 60 minutes. Main ingredients include Rice flour, powdered sugar, ghee."
Qubani ka meetha,"Apricots, sugar syrup",vegetarian,10,20,sweet,dessert,Telangana,South,"Qubani ka meetha is a vegetarian dessert from Telangana in the South region of India. It has a sweet flavor. Preparation time is 10 minutes and cooking time is 20 minutes. Main ingredients include Apricots, sugar syrup."
Sheer korma,"Vermicelli pudding, milk",vegetarian,10,20,sweet,dessert,Telangana,South,"Sheer korma is a vegetarian dessert from Telangana in the South region of India. It has a sweet flavor. Preparation time is 10 minutes and cooking time is 20 minutes. Main ingredients include Vermicelli pudding, milk."
Unni Appam,"Rice flour, banana, jaggery, coconut",vegetarian,10,20,sweet,dessert,Tamil Nadu,South,"Unni Appam is a vegetarian dessert from Tamil Nadu in the South region of India. It has a sweet flavor. Preparation time is 10 minutes and cooking time is 20 minutes. Main ingredients include Rice flour, banana, jaggery, coconut."
Kajjikaya,"Rice flour, jaggery, coconut",vegetarian,40,15,sweet,dessert,Andhra Pradesh,South,"Kajjikaya is a vegetarian dessert from Andhra Pradesh in the South region of India. It has a sweet flavor. Preparation time is 40 minutes and cooking time is 15 minutes. Main ingredients include Rice flour, jaggery, coconut."
Anarsa,"Rice flour, jaggery, khus-khus seeds",vegetarian,10,50,sweet,dessert,Maharashtra,West,"Anarsa is a vegetarian dessert from Maharashtra in the West region of India. It has a sweet flavor. Preparation time is 10 minutes and cooking time is 50 minutes. Main ingredients include Rice flour, jaggery, khus-khus seeds."
Basundi,"Sugar, milk, nuts",vegetarian,10,35,sweet,dessert,Gujarat,West,"Basundi is a vegetarian dessert from Gujarat in the West region of India. It has a sweet flavor. Preparation time is 10 minutes and cooking time is 35 minutes. Main ingredients include Sugar, milk, nuts."
Dhondas,"Cucumber, rava",vegetarian,10,50,sweet,dessert,Maharashtra,West,"Dhondas is a vegetarian dessert from Maharashtra in the West region of India. It has a sweet flavor. Preparation time is 10 minutes and cooking time is 50 minutes. Main ingredients include Cucumber, rava."
Doodhpak,"Milk, rice, sugar, dry fruits",vegetarian,10,60,sweet,dessert,Gujarat,West,"Doodhpak is a vegetarian dessert from Gujarat in the West region of India. It has a sweet flavor. Preparation time is 10 minutes and cooking time is 60 minutes. Main ingredients include Milk, rice, sugar, dry fruits."
Mahim halwa,"Semolina, sugar",vegetarian,10,25,sweet,dessert,Maharashtra,West,"Mahim halwa is a vegetarian dessert from Maharashtra in the West region of India. It has a sweet flavor. Preparation time is 10 minutes and cooking time is 25 minutes. Main ingredients include Semolina, sugar."
Modak,"Rice flour, coconut, jaggery ",vegetarian,10,15,sweet,dessert,Maharashtra,West,"Modak is a vegetarian dessert from Maharashtra in the West region of India. It has a sweet flavor. Preparation time is 10 minutes and cooking time is 15 minutes. Main ingredients include Rice flour, coconut, jaggery ."
Shankarpali,"Sugar, ghee, maida flour, semolina",vegetarian,10,35,sweet,dessert,Maharashtra,West,"Shankarpali is a vegetarian dessert from Maharashtra in the West region of India. It has a sweet flavor. Preparation time is 10 minutes and cooking time is 35 minutes. Main ingredients include Sugar, ghee, maida flour, semolina."
Shrikhand,"Curd, sugar, saffron, cardamom",vegetarian,10,720,sweet,dessert,Maharashtra,West,"Shrikhand is a vegetarian dessert from Maharashtra in the West region of India. It has a sweet flavor. Preparation time is 10 minutes and cooking time is 720 minutes. Main ingredients include Curd, sugar, saffron, cardamom."
Sutar feni,"Maida, sugar, ghee",vegetarian,15,55,sweet,dessert,Maharashtra,West,"Sutar feni is a vegetarian dessert from Maharashtra in the West region of India. It has a sweet flavor. Preparation time is 15 minutes and cooking time is 55 minutes. Main ingredients include Maida, sugar, ghee."
Maach Jhol,"Fish, potol, tomato, chillies, ginger, garlic",non vegetarian,10,40,spicy,main course,Assam,North East,"Maach Jhol is a non vegetarian main course from Assam in the North East region of India. It has a spicy flavor. Preparation time is 10 minutes and cooking time is 40 minutes. Main ingredients include Fish, potol, tomato, chillies, ginger, garlic."
Pork Bharta,"Boiled pork, onions, chillies, ginger and garlic",non vegetarian,-1,-1,spicy,main course,Tripura,North East,"Pork Bharta is a non vegetarian main course from Tripura in the North East region of India. It has a spicy flavor. Preparation time is -1 minutes and cooking time is -1 minutes. Main ingredients include Boiled pork, onions, chillies, ginger and garlic."
Chak Hao Kheer,"Rice, milk, sugar, cardamom",vegetarian,240,45,sweet,dessert,Manipur,North East,"Chak Hao Kheer is a vegetarian dessert from Manipur in the North East region of India. It has a sweet flavor. Preparation time is 240 minutes and cooking time is 45 minutes. Main ingredients include Rice, milk, sugar, cardamom."
Galho,"Rice, axone, salt, water, chillies, pork",non vegetarian,5,15,spicy,main course,Nagaland,North East,"Galho is a non vegetarian main course from Nagaland in the North East region of India. It has a spicy flavor. Preparation time is 5 minutes and cooking time is 15 minutes. Main ingredients include Rice, axone, salt, water, chillies, pork."
Aloo gobi,"Cauliflower, potato, garam masala, turmeric, curry leaves",vegetarian,10,20,spicy,main course,Punjab,North,"Aloo gobi is a vegetarian main course from Punjab in the North region of India. It has a spicy flavor. Preparation time is 10 minutes and cooking time is 20 minutes. Main ingredients include Cauliflower, potato, garam masala, turmeric, curry leaves."
Aloo tikki,"Rice flour, potato, bread crumbs, garam masala, salt",vegetarian,5,20,spicy,main course,Punjab,North,"Aloo tikki is a vegetarian main course from Punjab in the North region of India. It has a spicy flavor. Preparation time is 5 minutes and cooking time is 20 minutes. Main ingredients include Rice flour, potato, bread crumbs, garam masala, salt."
Aloo matar,"Potato, peas, chillies, ginger, garam masala, garlic",vegetarian,5,40,spicy,main course,Punjab,North,"Aloo matar is a vegetarian main course from Punjab in the North region of India. It has a spicy flavor. Preparation time is 5 minutes and cooking time is 40 minutes. Main ingredients include Potato, peas, chillies, ginger, garam masala, garlic."
Aloo methi,"Potato, fenugreek leaves, chillies, salt, oil",vegetarian,10,40,bitter,main course,Punjab,North,"Aloo methi is a vegetarian main course from Punjab in the North region of India. It has a bitter flavor. Preparation time is 10 minutes and cooking time is 40 minutes. Main ingredients include Potato, fenugreek leaves, chillies, salt, oil."
Aloo shimla mirch,"Potato, shimla mirch, garam masala, amchur powder, salt",vegetarian,10,40,spicy,main course,Punjab,North,"Aloo shimla mirch is a vegetarian main course from Punjab in the North region of India. It has a spicy flavor. Preparation time is 10 minutes and cooking time is 40 minutes. Main ingredients include Potato, shimla mirch, garam masala, amchur powder, salt."
Bhatura,"Chole, rava, yogurt, plain flour, baking soda",vegetarian,20,20,spicy,main course,Punjab,North,"Bhatura is a vegetarian main course from Punjab in the North region of India. It has a spicy flavor. Preparation time is 20 minutes and cooking time is 20 minutes. Main ingredients include Chole, rava, yogurt, plain flour, baking soda."
Bhindi masala,"Ladies finger, garam masala, kasuri methi, tomatoes, chili powder",vegetarian,20,30,spicy,main course,Punjab,North,"Bhindi masala is a vegetarian main course from Punjab in the North region of India. It has a spicy flavor. Preparation time is 20 minutes and cooking time is 30 minutes. Main ingredients include Ladies finger, garam masala, kasuri methi, tomatoes, chili powder."
Biryani,"Chicken thighs, basmati rice, star anise, sweet, green chillies",non vegetarian,30,120,spicy,main course,Telangana,South,"Biryani is a non vegetarian main course from Telangana in the South region of India. It has a spicy flavor. Preparation time is 30 minutes and cooking time is 120 minutes. Main ingredients include Chicken thighs, basmati rice, star anise, sweet, green chillies."
Butter chicken,"Chicken, greek yogurt, cream, garam masala powder, cashew nuts, butter",non vegetarian,10,35,spicy,main course,NCT of Delhi,North,"Butter chicken is a non vegetarian main course from NCT of Delhi in the North region of India. It has a spicy flavor. Preparation time is 10 minutes and cooking time is 35 minutes. Main ingredients include Chicken, greek yogurt, cream, garam masala powder, cashew nuts, butter."
Chana masala,"Chickpeas, tomato paste, garam masala, ginger, red onion, avocado oil",vegetarian,20,30,spicy,main course,Punjab,North,"Chana masala is a vegetarian main course from Punjab in the North region of India. It has a spicy flavor. Preparation time is 20 minutes and cooking time is 30 minutes. Main ingredients include Chickpeas, tomato paste, garam masala, ginger, red onion, avocado oil."
Chapati,"Whole wheat flour, olive oil, hot water, all purpose flour",vegetarian,10,10,-1,main course,Maharashtra,West,"Chapati is a vegetarian main course from Maharashtra in the West region of India. It has a -1 flavor. Preparation time is 10 minutes and cooking time is 10 minutes. Main ingredients include Whole wheat flour, olive oil, hot water, all purpose flour."
Chicken razala,"Chicken, dahi, sesame seeds, garam masala powder, cashew nuts, saffron",non vegetarian,10,35,spicy,main course,West Bengal,East,"Chicken razala is a non vegetarian main course from West Bengal in the East region of India. It has a spicy flavor. Preparation time is 10 minutes and cooking time is 35 minutes. Main ingredients include Chicken, dahi, sesame seeds, garam masala powder, cashew nuts, saffron."
Chicken Tikka masala,"Naan bread, tomato sauce, skinless chicken breasts, heavy cream, garam masala",non vegetarian,10,50,spicy,main course,Punjab,North,"Chicken Tikka masala is a non vegetarian main course from Punjab in the North region of India. It has a spicy flavor. Preparation time is 10 minutes and cooking time is 50 minutes. Main ingredients include Naan bread, tomato sauce, skinless chicken breasts, heavy cream, garam masala."
Chicken Tikka,"Chicken, whole wheat bread, rice flour, garam masala powder, whole egg",non vegetarian,120,45,spicy,starter,Punjab,North,"Chicken Tikka is a non vegetarian starter from Punjab in the North region of India. It has a spicy flavor. Preparation time is 120 minutes and cooking time is 45 minutes. Main ingredients include Chicken, whole wheat bread, rice flour, garam masala powder, whole egg."
Chole bhature,"Chole, bhatura, garam masala, bay leaf, cinnamon stick",vegetarian,20,30,spicy,main course,Punjab,North,"Chole bhature is a vegetarian main course from Punjab in the North region of India. It has a spicy flavor. Preparation time is 20 minutes and cooking time is 30 minutes. Main ingredients include Chole, bhatura, garam masala, bay leaf, cinnamon stick."
Daal baati churma,"Moong dal, masoor dal, chana dal, wheat flour, almond",vegetarian,10,90,spicy,main course,Rajasthan,West,"Daal baati churma is a vegetarian main course from Rajasthan in the West region of India. It has a spicy flavor. Preparation time is 10 minutes and cooking time is 90 minutes. Main ingredients include Moong dal, masoor dal, chana dal, wheat flour, almond."
Daal puri,"Moong dal, garam masala powder, garlic, green chilli, all purpose flour",vegetarian,30,30,spicy,main course,West Bengal,East,"Daal puri is a vegetarian main course from West Bengal in the East region of India. It has a spicy flavor. Preparation time is 30 minutes and cooking time is 30 minutes. Main ingredients include Moong dal, garam masala powder, garlic, green chilli, all purpose flour."
Dal makhani ,"Red kidney beans, urad dal, cream, garam masala, chili powder",vegetarian,10,60,sweet,main course,Punjab,North,"Dal makhani  is a vegetarian main course from Punjab in the North region of India. It has a sweet flavor. Preparation time is 10 minutes and cooking time is 60 minutes. Main ingredients include Red kidney beans, urad dal, cream, garam masala, chili powder."
Dal tadka,"Pigeon peas, garam masala, ginger, red onion, kasuri methi",vegetarian,10,30,spicy,main course,Punjab,North,"Dal tadka is a vegetarian main course from Punjab in the North region of India. It has a spicy flavor. Preparation time is 10 minutes and cooking time is 30 minutes. Main ingredients include Pigeon peas, garam masala, ginger, red onion, kasuri methi."
Dum aloo,"Baby potatoes, garam masala, cashew nuts, kasuri methi, tomatoes",vegetarian,20,50,spicy,main course,Jammu & Kashmir,North,"Dum aloo is a vegetarian main course from Jammu & Kashmir in the North region of India. It has a spicy flavor. Preparation time is 20 minutes and cooking time is 50 minutes. Main ingredients include Baby potatoes, garam masala, cashew nuts, kasuri methi, tomatoes."
Poha,"Beaten rice flakes, potato, curry leaves, green chilies, lemon juice",vegetarian,20,30,spicy,snack,Maharashtra,West,"Poha is a vegetarian snack from Maharashtra in the West region of India. It has a spicy flavor. Preparation time is 20 minutes and cooking time is 30 minutes. Main ingredients include Beaten rice flakes, potato, curry leaves, green chilies, lemon juice."
Fara,"Chana dal, whole wheat flour, arhar dal, white urad dal, garam masala powder",vegetarian,10,60,spicy,snack,Chhattisgarh,Central,"Fara is a vegetarian snack from Chhattisgarh in the Central region of India. It has a spicy flavor. Preparation time is 10 minutes and cooking time is 60 minutes. Main ingredients include Chana dal, whole wheat flour, arhar dal, white urad dal, garam masala powder."
Kachori,"Moong dal, rava, garam masala, dough, fennel seeds",vegetarian,30,60,spicy,snack,Uttar Pradesh,North,"Kachori is a vegetarian snack from Uttar Pradesh in the North region of India. It has a spicy flavor. Preparation time is 30 minutes and cooking time is 60 minutes. Main ingredients include Moong dal, rava, garam masala, dough, fennel seeds."
Kadai paneer,"Cottage cheese, bell peppers, gravy, garam masala, cashew nuts",vegetarian,20,30,spicy,main course,Punjab,North,"Kadai paneer is a vegetarian main course from Punjab in the North region of India. It has a spicy flavor. Preparation time is 20 minutes and cooking time is 30 minutes. Main ingredients include Cottage cheese, bell peppers, gravy, garam masala, cashew nuts."
Kadhi pakoda,"Besan, garam masala powder, gram flour, ginger, curry leaves",vegetarian,10,60,spicy,main course,Haryana,North,"Kadhi pakoda is a vegetarian main course from Haryana in the North region of India. It has a spicy flavor. Preparation time is 10 minutes and cooking time is 60 minutes. Main ingredients include Besan, garam masala powder, gram flour, ginger, curry leaves."
Karela bharta,"Bitter gourd, fennel, garam masala powder, chili powder, amchur powder",vegetarian,20,50,bitter,main course,Punjab,North,"Karela bharta is a vegetarian main course from Punjab in the North region of India. It has a bitter flavor. Preparation time is 20 minutes and cooking time is 50 minutes. Main ingredients include Bitter gourd, fennel, garam masala powder, chili powder, amchur powder."
Khichdi,"Moong dal, green peas, ginger, tomato, green chili",vegetarian,40,20,spicy,main course,-1,-1,"Khichdi is a vegetarian main course from -1 in the -1 region of India. It has a spicy flavor. Preparation time is 40 minutes and cooking time is 20 minutes. Main ingredients include Moong dal, green peas, ginger, tomato, green chili."
Kofta,"Paneer, potato, cream, corn flour, garam masala",vegetarian,20,40,spicy,main course,Uttar Pradesh,North,"Kofta is a vegetarian main course from Uttar Pradesh in the North region of India. It has a spicy flavor. Preparation time is 20 minutes and cooking time is 40 minutes. Main ingredients include Paneer, potato, cream, corn flour, garam masala."
Kulfi falooda,"Rose syrup, falooda sev, mixed nuts, saffron, sugar",vegetarian,45,25,sweet,dessert,-1,-1,"Kulfi falooda is a vegetarian dessert from -1 in the -1 region of India. It has a sweet flavor. Preparation time is 45 minutes and cooking time is 25 minutes. Main ingredients include Rose syrup, falooda sev, mixed nuts, saffron, sugar."
Lauki ke kofte,"Bottle gourd, garam masala powder, gram flour, ginger, chillies",vegetarian,20,40,spicy,main course,Uttar Pradesh,North,"Lauki ke kofte is a vegetarian main course from Uttar Pradesh in the North region of India. It has a spicy flavor. Preparation time is 20 minutes and cooking time is 40 minutes. Main ingredients include Bottle gourd, garam masala powder, gram flour, ginger, chillies."
Lauki ki subji,"Bottle gourd, coconut oil, garam masala, ginger, green chillies",vegetarian,10,20,spicy,main course,-1,-1,"Lauki ki subji is a vegetarian main course from -1 in the -1 region of India. It has a spicy flavor. Preparation time is 10 minutes and cooking time is 20 minutes. Main ingredients include Bottle gourd, coconut oil, garam masala, ginger, green chillies."
Litti chokha,"Wheat flour, roasted gram flour, tomato, nigella seeds, chilli",vegetarian,45,60,spicy,main course,Bihar,North,"Litti chokha is a vegetarian main course from Bihar in the North region of India. It has a spicy flavor. Preparation time is 45 minutes and cooking time is 60 minutes. Main ingredients include Wheat flour, roasted gram flour, tomato, nigella seeds, chilli."
Makki di roti sarson da saag,"Palak, makki atta, mustard green, garam masala, ginger",vegetarian,25,30,spicy,main course,Punjab,North,"Makki di roti sarson da saag is a vegetarian main course from Punjab in the North region of India. It has a spicy flavor. Preparation time is 25 minutes and cooking time is 30 minutes. Main ingredients include Palak, makki atta, mustard green, garam masala, ginger."
Misi roti,"Whole wheat flour, chickpea flour, green chilies",vegetarian,30,30,spicy,main course,Punjab,North,"Misi roti is a vegetarian main course from Punjab in the North region of India. It has a spicy flavor. Preparation time is 30 minutes and cooking time is 30 minutes. Main ingredients include Whole wheat flour, chickpea flour, green chilies."
Mushroom do pyaza,"Mushroom, malai, garam masala, ginger, capsicum",vegetarian,10,30,spicy,main course,Punjab,North,"Mushroom do pyaza is a vegetarian main course from Punjab in the North region of India. It has a spicy flavor. Preparation time is 10 minutes and cooking time is 30 minutes. Main ingredients include Mushroom, malai, garam masala, ginger, capsicum."
Mushroom matar,"Canned coconut milk, frozen green peas, wild mushrooms, garam masala, tomatoes",vegetarian,10,30,spicy,main course,Punjab,North,"Mushroom matar is a vegetarian main course from Punjab in the North region of India. It has a spicy flavor. Preparation time is 10 minutes and cooking time is 30 minutes. Main ingredients include Canned coconut milk, frozen green peas, wild mushrooms, garam masala, tomatoes."
Naan,"Whole wheat flour, honey, butter, garlic",vegetarian,60,30,-1,main course,Punjab,North,"Naan is a vegetarian main course from Punjab in the North region of India. It has a -1 flavor. Preparation time is 60 minutes and cooking time is 30 minutes. Main ingredients include Whole wheat flour, honey, butter, garlic."
Navrattan korma,"Green beans, potatoes, khus khus, low fat, garam masala powder",vegetarian,25,40,spicy,main course,Uttar Pradesh,North,"Navrattan korma is a vegetarian main course from Uttar Pradesh in the North region of India. It has a spicy flavor. Preparation time is 25 minutes and cooking time is 40 minutes. Main ingredients include Green beans, potatoes, khus khus, low fat, garam masala powder."
Palak paneer,"Cottage cheese, palak, cream, garam masala, butter",vegetarian,20,40,spicy,main course,Punjab,North,"Palak paneer is a vegetarian main course from Punjab in the North region of India. It has a spicy flavor. Preparation time is 20 minutes and cooking time is 40 minutes. Main ingredients include Cottage cheese, palak, cream, garam masala, butter."
Paneer butter masala,"Paneer, whipping cream, garam masala, cashew nuts, butter",vegetarian,20,40,spicy,main course,Punjab,North,"Paneer butter masala is a vegetarian main course from Punjab in the North region of India. It has a spicy flavor. Preparation time is 20 minutes and cooking time is 40 minutes. Main ingredients include Paneer, whipping cream, garam masala, cashew nuts, butter."
Paneer tikka masala,"Paneer, greek yogurt, tandoori masala, cream, bell pepper",vegetarian,20,40,spicy,main course,Punjab,North,"Paneer tikka masala is a vegetarian main course from Punjab in the North region of India. It has a spicy flavor. Preparation time is 20 minutes and cooking time is 40 minutes. Main ingredients include Paneer, greek yogurt, tandoori masala, cream, bell pepper."
Pani puri,"Kala chana, mashed potato, boondi, sev, lemon",vegetarian,15,2,spicy,snack,-1,-1,"Pani puri is a vegetarian snack from -1 in the -1 region of India. It has a spicy flavor. Preparation time is 15 minutes and cooking time is 2 minutes. Main ingredients include Kala chana, mashed potato, boondi, sev, lemon."
Panjeeri,"Whole wheat flour, musk melon seeds, poppy seeds, edible gum, semolina",vegetarian,10,25,sweet,dessert,Uttar Pradesh,,"Panjeeri is a vegetarian dessert from Uttar Pradesh in the nan region of India. It has a sweet flavor. Preparation time is 10 minutes and cooking time is 25 minutes. Main ingredients include Whole wheat flour, musk melon seeds, poppy seeds, edible gum, semolina."
Papad,"Urad dal, sev, lemon juice, chopped tomatoes",vegetarian,5,5,spicy,snack,-1,-1,"Papad is a vegetarian snack from -1 in the -1 region of India. It has a spicy flavor. Preparation time is 5 minutes and cooking time is 5 minutes. Main ingredients include Urad dal, sev, lemon juice, chopped tomatoes."
Paratha,"Wheat flour, butter, potato, coriander",vegetarian,15,45,spicy,main course,Punjab,North,"Paratha is a vegetarian main course from Punjab in the North region of India. It has a spicy flavor. Preparation time is 15 minutes and cooking time is 45 minutes. Main ingredients include Wheat flour, butter, potato, coriander."
Pattor,"Arbi ke patte, sesame seeds, gur, bengal gram flour, imli",vegetarian,10,30,spicy,main course,Rajasthan,West,"Pattor is a vegetarian main course from Rajasthan in the West region of India. It has a spicy flavor. Preparation time is 10 minutes and cooking time is 30 minutes. Main ingredients include Arbi ke patte, sesame seeds, gur, bengal gram flour, imli."
Pindi chana,"Fennel, tea bags, tomato, kasuri methi, cinnamon",vegetarian,500,120,spicy,main course,Punjab,North,"Pindi chana is a vegetarian main course from Punjab in the North region of India. It has a spicy flavor. Preparation time is 500 minutes and cooking time is 120 minutes. Main ingredients include Fennel, tea bags, tomato, kasuri methi, cinnamon."
Rajma chaval,"Red kidney beans, garam masala powder, ginger, tomato, mustard oil",vegetarian,15,90,spicy,main course,-1,North,"Rajma chaval is a vegetarian main course from -1 in the North region of India. It has a spicy flavor. Preparation time is 15 minutes and cooking time is 90 minutes. Main ingredients include Red kidney beans, garam masala powder, ginger, tomato, mustard oil."
Rongi,"Garam masala powder, tomato, kasuri methi, cinnamon, mustard oil",vegetarian,10,30,-1,main course,Punjab,North,"Rongi is a vegetarian main course from Punjab in the North region of India. It has a -1 flavor. Preparation time is 10 minutes and cooking time is 30 minutes. Main ingredients include Garam masala powder, tomato, kasuri methi, cinnamon, mustard oil."
Samosa,"Potatoes, green peas, garam masala, ginger, dough",vegetarian,30,30,spicy,snack,-1,-1,"Samosa is a vegetarian snack from -1 in the -1 region of India. It has a spicy flavor. Preparation time is 30 minutes and cooking time is 30 minutes. Main ingredients include Potatoes, green peas, garam masala, ginger, dough."
Sattu ki roti,"Sattu, atta, dough, filling, mustard oil",vegetarian,10,20,spicy,main course,Bihar,North,"Sattu ki roti is a vegetarian main course from Bihar in the North region of India. It has a spicy flavor. Preparation time is 10 minutes and cooking time is 20 minutes. Main ingredients include Sattu, atta, dough, filling, mustard oil."
Shahi paneer,"Cottage cheese, malai, garam masala, ginger, tomato",vegetarian,20,40,spicy,main course,Punjab,North,"Shahi paneer is a vegetarian main course from Punjab in the North region of India. It has a spicy flavor. Preparation time is 20 minutes and cooking time is 40 minutes. Main ingredients include Cottage cheese, malai, garam masala, ginger, tomato."
Shahi tukra,"Rose water, milk, white bread slices, saffron, almonds",vegetarian,10,30,sweet,dessert,Telangana,South,"Shahi tukra is a vegetarian dessert from Telangana in the South region of India. It has a sweet flavor. Preparation time is 10 minutes and cooking time is 30 minutes. Main ingredients include Rose water, milk, white bread slices, saffron, almonds."
Vegetable jalfrezi,"Baby corn, french beans, garam masala, ginger, carrot",vegetarian,10,30,spicy,main course,Punjab,North,"Vegetable jalfrezi is a vegetarian main course from Punjab in the North region of India. It has a spicy flavor. Preparation time is 10 minutes and cooking time is 30 minutes. Main ingredients include Baby corn, french beans, garam masala, ginger, carrot."
Tandoori Chicken,"Greek yogurt, garam masala, kasuri methi, marinade, mustard oil",non vegetarian,240,30,spicy,main course,Punjab,North,"Tandoori Chicken is a non vegetarian main course from Punjab in the North region of India. It has a spicy flavor. Preparation time is 240 minutes and cooking time is 30 minutes. Main ingredients include Greek yogurt, garam masala, kasuri methi, marinade, mustard oil."
Tandoori Fish Tikka,"Chickpea flour, biryani masala powder, yogurt, fish fillets, green bell pepper",non vegetarian,240,30,spicy,starter,Punjab,North,"Tandoori Fish Tikka is a non vegetarian starter from Punjab in the North region of India. It has a spicy flavor. Preparation time is 240 minutes and cooking time is 30 minutes. Main ingredients include Chickpea flour, biryani masala powder, yogurt, fish fillets, green bell pepper."
Attu,"Whole wheat flour, arhar dal, ginger, kala jeera, green chilli",vegetarian,150,25,spicy,snack,Andhra Pradesh,South,"Attu is a vegetarian snack from Andhra Pradesh in the South region of India. It has a spicy flavor. Preparation time is 150 minutes and cooking time is 25 minutes. Main ingredients include Whole wheat flour, arhar dal, ginger, kala jeera, green chilli."
Avial,"Raw banana, elephant foot yam, long beans, tindora, urad dal",vegetarian,30,45,spicy,main course,Kerala,South,"Avial is a vegetarian main course from Kerala in the South region of India. It has a spicy flavor. Preparation time is 30 minutes and cooking time is 45 minutes. Main ingredients include Raw banana, elephant foot yam, long beans, tindora, urad dal."
Bisi bele bath,"Split pigeon peas, chana dal, urad dal, green peas, french beans",vegetarian,30,45,spicy,main course,Karnataka,South,"Bisi bele bath is a vegetarian main course from Karnataka in the South region of India. It has a spicy flavor. Preparation time is 30 minutes and cooking time is 45 minutes. Main ingredients include Split pigeon peas, chana dal, urad dal, green peas, french beans."
Currivepillai sadam ,"Chana dal, urad dal, fresh coconut, sesame seeds, curry leaves",vegetarian,10,20,spicy,main course,Tamil Nadu,South,"Currivepillai sadam  is a vegetarian main course from Tamil Nadu in the South region of India. It has a spicy flavor. Preparation time is 10 minutes and cooking time is 20 minutes. Main ingredients include Chana dal, urad dal, fresh coconut, sesame seeds, curry leaves."
Dosa,"Chana dal, urad dal, whole urad dal, blend rice, rock salt",vegetarian,360,90,spicy,snack,-1,South,"Dosa is a vegetarian snack from -1 in the South region of India. It has a spicy flavor. Preparation time is 360 minutes and cooking time is 90 minutes. Main ingredients include Chana dal, urad dal, whole urad dal, blend rice, rock salt."
Idiappam,"Rice flour, hot water, grated coconut",vegetarian,120,30,spicy,snack,Tamil Nadu,South,"Idiappam is a vegetarian snack from Tamil Nadu in the South region of India. It has a spicy flavor. Preparation time is 120 minutes and cooking time is 30 minutes. Main ingredients include Rice flour, hot water, grated coconut."
Idli,"Split urad dal, urad dal, idli rice, thick poha, rock salt",vegetarian,360,90,spicy,snack,-1,South,"Idli is a vegetarian snack from -1 in the South region of India. It has a spicy flavor. Preparation time is 360 minutes and cooking time is 90 minutes. Main ingredients include Split urad dal, urad dal, idli rice, thick poha, rock salt."
Kanji,"Carrot, yellow mustard, red chilli, black salt",vegetarian,10,45,-1,snack,Kerala,South,"Kanji is a vegetarian snack from Kerala in the South region of India. It has a -1 flavor. Preparation time is 10 minutes and cooking time is 45 minutes. Main ingredients include Carrot, yellow mustard, red chilli, black salt."
Kaara kozhambu,"Sesame oil, drumstick, tamarind paste, sambar powder, tomato",vegetarian,-1,-1,spicy,main course,Tamil Nadu,South,"Kaara kozhambu is a vegetarian main course from Tamil Nadu in the South region of India. It has a spicy flavor. Preparation time is -1 minutes and cooking time is -1 minutes. Main ingredients include Sesame oil, drumstick, tamarind paste, sambar powder, tomato."
Keerai kootu,"Moong dal, chana dal, spinach, urad dal, coconut oil",vegetarian,20,30,spicy,main course,Tamil Nadu,South,"Keerai kootu is a vegetarian main course from Tamil Nadu in the South region of India. It has a spicy flavor. Preparation time is 20 minutes and cooking time is 30 minutes. Main ingredients include Moong dal, chana dal, spinach, urad dal, coconut oil."
Keerai masiyal,"Urad dal, curry leaves, sugar, mustard seeds, spinach",vegetarian,-1,-1,spicy,main course,Tamil Nadu,South,"Keerai masiyal is a vegetarian main course from Tamil Nadu in the South region of India. It has a spicy flavor. Preparation time is -1 minutes and cooking time is -1 minutes. Main ingredients include Urad dal, curry leaves, sugar, mustard seeds, spinach."
Keerai sadam,"Greens, tomato, mustard seeds, fenugreek seeds",vegetarian,10,20,spicy,main course,Tamil Nadu,South,"Keerai sadam is a vegetarian main course from Tamil Nadu in the South region of India. It has a spicy flavor. Preparation time is 10 minutes and cooking time is 20 minutes. Main ingredients include Greens, tomato, mustard seeds, fenugreek seeds."
Keerai poriyal,"Amaranth leaves, split urad dal, mustard seeds, grated coconut, red chili",vegetarian,20,30,spicy,main course,Tamil Nadu,South,"Keerai poriyal is a vegetarian main course from Tamil Nadu in the South region of India. It has a spicy flavor. Preparation time is 20 minutes and cooking time is 30 minutes. Main ingredients include Amaranth leaves, split urad dal, mustard seeds, grated coconut, red chili."
Beef Fry,"Beef, coconut, garam masala, curry leaves, green chilies, chili powder",non vegetarian,10,60,spicy,main course,Kerala,South,"Beef Fry is a non vegetarian main course from Kerala in the South region of India. It has a spicy flavor. Preparation time is 10 minutes and cooking time is 60 minutes. Main ingredients include Beef, coconut, garam masala, curry leaves, green chilies, chili powder."
Kootu,"Chana dal, urad dal, potato, beans, peas",vegetarian,10,15,spicy,main course,Tamil Nadu,South,"Kootu is a vegetarian main course from Tamil Nadu in the South region of India. It has a spicy flavor. Preparation time is 10 minutes and cooking time is 15 minutes. Main ingredients include Chana dal, urad dal, potato, beans, peas."
Kos kootu,"Moong dal, chana dal, cabbage, tamarind, curry leaves",vegetarian,10,20,spicy,main course,Tamil Nadu,South,"Kos kootu is a vegetarian main course from Tamil Nadu in the South region of India. It has a spicy flavor. Preparation time is 10 minutes and cooking time is 20 minutes. Main ingredients include Moong dal, chana dal, cabbage, tamarind, curry leaves."
Koshambri,"Moong dal, cucumber, curry leaves, green chili, lemon juice",vegetarian,10,20,spicy,main course,Karnataka,South,"Koshambri is a vegetarian main course from Karnataka in the South region of India. It has a spicy flavor. Preparation time is 10 minutes and cooking time is 20 minutes. Main ingredients include Moong dal, cucumber, curry leaves, green chili, lemon juice."
Kothamali sadam,"Chana dal, urad dal, gooseberry, raw rice, curry leaves",vegetarian,10,20,spicy,main course,Tamil Nadu,South,"Kothamali sadam is a vegetarian main course from Tamil Nadu in the South region of India. It has a spicy flavor. Preparation time is 10 minutes and cooking time is 20 minutes. Main ingredients include Chana dal, urad dal, gooseberry, raw rice, curry leaves."
Kuzhakkattai,"Sesame oil, raw rice, jaggery, grated coconut",vegetarian,10,90,spicy,main course,Tamil Nadu,South,"Kuzhakkattai is a vegetarian main course from Tamil Nadu in the South region of India. It has a spicy flavor. Preparation time is 10 minutes and cooking time is 90 minutes. Main ingredients include Sesame oil, raw rice, jaggery, grated coconut."
Kuzhambu,"Pearl onions, urad dal, drumsticks, tomato, curry leaves",vegetarian,5,30,spicy,main course,Tamil Nadu,South,"Kuzhambu is a vegetarian main course from Tamil Nadu in the South region of India. It has a spicy flavor. Preparation time is 5 minutes and cooking time is 30 minutes. Main ingredients include Pearl onions, urad dal, drumsticks, tomato, curry leaves."
Masala Dosa,"Chana dal, urad dal, potatoes, idli rice, thick poha",vegetarian,360,90,spicy,snack,-1,South,"Masala Dosa is a vegetarian snack from -1 in the South region of India. It has a spicy flavor. Preparation time is 360 minutes and cooking time is 90 minutes. Main ingredients include Chana dal, urad dal, potatoes, idli rice, thick poha."
Pachadi,"Coconut oil, cucumber, curd, curry leaves, mustard seeds",vegetarian,10,25,-1,main course,-1,South,"Pachadi is a vegetarian main course from -1 in the South region of India. It has a -1 flavor. Preparation time is 10 minutes and cooking time is 25 minutes. Main ingredients include Coconut oil, cucumber, curd, curry leaves, mustard seeds."
Paniyaram,"Yogurt, ginger, curry leaves, baking soda, green chilli",vegetarian,10,20,-1,main course,Tamil Nadu,South,"Paniyaram is a vegetarian main course from Tamil Nadu in the South region of India. It has a -1 flavor. Preparation time is 10 minutes and cooking time is 20 minutes. Main ingredients include Yogurt, ginger, curry leaves, baking soda, green chilli."
Papadum,"Lentils, black pepper, vegetable oil",vegetarian,5,5,spicy,snack,Kerala,South,"Papadum is a vegetarian snack from Kerala in the South region of India. It has a spicy flavor. Preparation time is 5 minutes and cooking time is 5 minutes. Main ingredients include Lentils, black pepper, vegetable oil."
Paravannam,"Raw rice,  jaggery, milk",vegetarian,-1,-1,spicy,main course,Kerala,South,"Paravannam is a vegetarian main course from Kerala in the South region of India. It has a spicy flavor. Preparation time is -1 minutes and cooking time is -1 minutes. Main ingredients include Raw rice,  jaggery, milk."
Payasam,"Rice, cashew nuts, milk, raisins, sugar",vegetarian,15,30,sweet,dessert,-1,South,"Payasam is a vegetarian dessert from -1 in the South region of India. It has a sweet flavor. Preparation time is 15 minutes and cooking time is 30 minutes. Main ingredients include Rice, cashew nuts, milk, raisins, sugar."
Paruppu sadam,"Arhar dal, sambar powder, tomato, curry leaves, fennel seeds",vegetarian,10,20,-1,main course,Tamil Nadu,South,"Paruppu sadam is a vegetarian main course from Tamil Nadu in the South region of India. It has a -1 flavor. Preparation time is 10 minutes and cooking time is 20 minutes. Main ingredients include Arhar dal, sambar powder, tomato, curry leaves, fennel seeds."
Pesarattu,"Green moong beans, rice flour",vegetarian,120,20,spicy,snack,Andhra Pradesh,South,"Pesarattu is a vegetarian snack from Andhra Pradesh in the South region of India. It has a spicy flavor. Preparation time is 120 minutes and cooking time is 20 minutes. Main ingredients include Green moong beans, rice flour."
Poriyal,"Chana dal, urad dal, beans, coconut, mustard",vegetarian,-1,-1,spicy,main course,Tamil Nadu,South,"Poriyal is a vegetarian main course from Tamil Nadu in the South region of India. It has a spicy flavor. Preparation time is -1 minutes and cooking time is -1 minutes. Main ingredients include Chana dal, urad dal, beans, coconut, mustard."
Puli sadam,"Urad dal, lemon, tamarind, cooked rice, curry leaves",vegetarian,10,20,-1,main course,Tamil Nadu,South,"Puli sadam is a vegetarian main course from Tamil Nadu in the South region of India. It has a -1 flavor. Preparation time is 10 minutes and cooking time is 20 minutes. Main ingredients include Urad dal, lemon, tamarind, cooked rice, curry leaves."
Rasam,"Tomato, curry leaves, garlic, mustard seeds, hot water",vegetarian,10,35,spicy,main course,-1,South,"Rasam is a vegetarian main course from -1 in the South region of India. It has a spicy flavor. Preparation time is 10 minutes and cooking time is 35 minutes. Main ingredients include Tomato, curry leaves, garlic, mustard seeds, hot water."
Puttu,"Brown rice flour, sugar, grated coconut",vegetarian,495,40,-1,main course,Kerala,South,"Puttu is a vegetarian main course from Kerala in the South region of India. It has a -1 flavor. Preparation time is 495 minutes and cooking time is 40 minutes. Main ingredients include Brown rice flour, sugar, grated coconut."
Sambar,"Pigeon peas, eggplant, drumsticks, sambar powder, tamarind",vegetarian,20,45,spicy,main course,-1,South,"Sambar is a vegetarian main course from -1 in the South region of India. It has a spicy flavor. Preparation time is 20 minutes and cooking time is 45 minutes. Main ingredients include Pigeon peas, eggplant, drumsticks, sambar powder, tamarind."
Sandige,"Thin rice flakes, black sesame seeds, curry leaves",vegetarian,120,60,-1,main course,Karnataka,South,"Sandige is a vegetarian main course from Karnataka in the South region of India. It has a -1 flavor. Preparation time is 120 minutes and cooking time is 60 minutes. Main ingredients include Thin rice flakes, black sesame seeds, curry leaves."
Sevai,"Sevai, parboiled rice, steamer",vegetarian,120,30,-1,main course,-1,South,"Sevai is a vegetarian main course from -1 in the South region of India. It has a -1 flavor. Preparation time is 120 minutes and cooking time is 30 minutes. Main ingredients include Sevai, parboiled rice, steamer."
Thayir sadam,"Urad dal, curd, sesame oil, ginger, curry leaves, mustard seeds",vegetarian,10,20,-1,main course,Tamil Nadu,South,"Thayir sadam is a vegetarian main course from Tamil Nadu in the South region of India. It has a -1 flavor. Preparation time is 10 minutes and cooking time is 20 minutes. Main ingredients include Urad dal, curd, sesame oil, ginger, curry leaves, mustard seeds."
Theeyal,"Coconut, whole red beans, masala, sesame oil, tamarind",vegetarian,15,20,-1,main course,Kerala,South,"Theeyal is a vegetarian main course from Kerala in the South region of India. It has a -1 flavor. Preparation time is 15 minutes and cooking time is 20 minutes. Main ingredients include Coconut, whole red beans, masala, sesame oil, tamarind."
Uttapam,"Chana dal, urad dal, thick poha, tomato, butter",vegetarian,10,20,spicy,snack,-1,South,"Uttapam is a vegetarian snack from -1 in the South region of India. It has a spicy flavor. Preparation time is 10 minutes and cooking time is 20 minutes. Main ingredients include Chana dal, urad dal, thick poha, tomato, butter."
Vada,"Urad dal, ginger, curry leaves, green chilies, black pepper",vegetarian,15,20,spicy,snack,-1,South,"Vada is a vegetarian snack from -1 in the South region of India. It has a spicy flavor. Preparation time is 15 minutes and cooking time is 20 minutes. Main ingredients include Urad dal, ginger, curry leaves, green chilies, black pepper."
Chicken Varuval,"Meat curry powder, chicken chunks, ginger, tomato, cinnamon",non vegetarian,10,35,spicy,main course,Tamil Nadu,South,"Chicken Varuval is a non vegetarian main course from Tamil Nadu in the South region of India. It has a spicy flavor. Preparation time is 10 minutes and cooking time is 35 minutes. Main ingredients include Meat curry powder, chicken chunks, ginger, tomato, cinnamon."
Upma,"Chana dal, urad dal, ginger, curry leaves, sugar",vegetarian,10,20,spicy,snack,-1,-1,"Upma is a vegetarian snack from -1 in the -1 region of India. It has a spicy flavor. Preparation time is 10 minutes and cooking time is 20 minutes. Main ingredients include Chana dal, urad dal, ginger, curry leaves, sugar."
Amti,"Kala masala, arhar dal, curry leaves, mustard seeds, hot water",vegetarian,10,45,spicy,main course,Maharashtra,West,"Amti is a vegetarian main course from Maharashtra in the West region of India. It has a spicy flavor. Preparation time is 10 minutes and cooking time is 45 minutes. Main ingredients include Kala masala, arhar dal, curry leaves, mustard seeds, hot water."
Zunka,"Gram flour, mustard, garlic, turmeric, red chilli",vegetarian,10,25,spicy,main course,Maharashtra,West,"Zunka is a vegetarian main course from Maharashtra in the West region of India. It has a spicy flavor. Preparation time is 10 minutes and cooking time is 25 minutes. Main ingredients include Gram flour, mustard, garlic, turmeric, red chilli."
Kolim Jawla,"Baingan, fish, coconut oil, fresh coconut, ginger",non vegetarian,-1,-1,spicy,main course,Maharashtra,West,"Kolim Jawla is a non vegetarian main course from Maharashtra in the West region of India. It has a spicy flavor. Preparation time is -1 minutes and cooking time is -1 minutes. Main ingredients include Baingan, fish, coconut oil, fresh coconut, ginger."
Saath,"Urad dal, potatoes, wheat flour, sooji",vegetarian,20,40,spicy,main course,Gujarat,West,"Saath is a vegetarian main course from Gujarat in the West region of India. It has a spicy flavor. Preparation time is 20 minutes and cooking time is 40 minutes. Main ingredients include Urad dal, potatoes, wheat flour, sooji."
Bajri no rotlo,"Wheat flour, pearl millet flour, hot water",vegetarian,10,10,spicy,main course,Gujarat,West,"Bajri no rotlo is a vegetarian main course from Gujarat in the West region of India. It has a spicy flavor. Preparation time is 10 minutes and cooking time is 10 minutes. Main ingredients include Wheat flour, pearl millet flour, hot water."
Coconut vadi,"Condensed milk, mawa, desiccated coconut, almonds, cashews",vegetarian,20,30,sweet,dessert,Maharashtra,West,"Coconut vadi is a vegetarian dessert from Maharashtra in the West region of India. It has a sweet flavor. Preparation time is 20 minutes and cooking time is 30 minutes. Main ingredients include Condensed milk, mawa, desiccated coconut, almonds, cashews."
Bhakri,"Jowar flour, sesame seeds",vegetarian,20,25,-1,main course,Maharashtra,West,"Bhakri is a vegetarian main course from Maharashtra in the West region of India. It has a -1 flavor. Preparation time is 20 minutes and cooking time is 25 minutes. Main ingredients include Jowar flour, sesame seeds."
Bombil fry,"Bombay duck, malvani masala, rice flour, bombay rava, green chilies",non vegetarian,-1,-1,spicy,main course,Maharashtra,West,"Bombil fry is a non vegetarian main course from Maharashtra in the West region of India. It has a spicy flavor. Preparation time is -1 minutes and cooking time is -1 minutes. Main ingredients include Bombay duck, malvani masala, rice flour, bombay rava, green chilies."
Chakali,"Rice flour, sesame, plain flour, turmeric, red chilli",vegetarian,10,40,spicy,snack,Maharashtra,West,"Chakali is a vegetarian snack from Maharashtra in the West region of India. It has a spicy flavor. Preparation time is 10 minutes and cooking time is 40 minutes. Main ingredients include Rice flour, sesame, plain flour, turmeric, red chilli."
Chevdo,"Citric acid, fry, raisins, sugar, chana daal",vegetarian,20,30,spicy,snack,Gujarat,West,"Chevdo is a vegetarian snack from Gujarat in the West region of India. It has a spicy flavor. Preparation time is 20 minutes and cooking time is 30 minutes. Main ingredients include Citric acid, fry, raisins, sugar, chana daal."
Chorafali,"Urad dal, bengal gram flour, dried mango, baking soda, black salt",vegetarian,5,15,spicy,snack,Gujarat,West,"Chorafali is a vegetarian snack from Gujarat in the West region of India. It has a spicy flavor. Preparation time is 5 minutes and cooking time is 15 minutes. Main ingredients include Urad dal, bengal gram flour, dried mango, baking soda, black salt."
Copra paak,"Condensed milk, nestle cream, coconut ice, red food coloring, desiccated coconut",vegetarian,20,30,-1,main course,Gujarat,West,"Copra paak is a vegetarian main course from Gujarat in the West region of India. It has a -1 flavor. Preparation time is 20 minutes and cooking time is 30 minutes. Main ingredients include Condensed milk, nestle cream, coconut ice, red food coloring, desiccated coconut."
Daal Dhokli,"Whole wheat flour, dal, kokum, gur, bengal gram flour",vegetarian,20,30,spicy,main course,Gujarat,West,"Daal Dhokli is a vegetarian main course from Gujarat in the West region of India. It has a spicy flavor. Preparation time is 20 minutes and cooking time is 30 minutes. Main ingredients include Whole wheat flour, dal, kokum, gur, bengal gram flour."
Kutchi dabeli,"Pav, aloo, peanut, pomegranate, star anise",vegetarian,30,10,spicy,snack,Gujarat,West,"Kutchi dabeli is a vegetarian snack from Gujarat in the West region of India. It has a spicy flavor. Preparation time is 30 minutes and cooking time is 10 minutes. Main ingredients include Pav, aloo, peanut, pomegranate, star anise."
Dahi vada,"Urad dal, bhuna chana, garam masala, dates, tamarind",vegetarian,30,30,-1,snack,Maharashtra,West,"Dahi vada is a vegetarian snack from Maharashtra in the West region of India. It has a -1 flavor. Preparation time is 30 minutes and cooking time is 30 minutes. Main ingredients include Urad dal, bhuna chana, garam masala, dates, tamarind."
Dalithoy,"Arhar dal, coconut oil, curry leaves, mustard seeds, red chilli",vegetarian,5,20,-1,main course,Maharashtra,West,"Dalithoy is a vegetarian main course from Maharashtra in the West region of India. It has a -1 flavor. Preparation time is 5 minutes and cooking time is 20 minutes. Main ingredients include Arhar dal, coconut oil, curry leaves, mustard seeds, red chilli."
Dhokla,"Rava, coconut, gram flour, mustard, sesame",vegetarian,10,20,spicy,snack,Gujarat,West,"Dhokla is a vegetarian snack from Gujarat in the West region of India. It has a spicy flavor. Preparation time is 10 minutes and cooking time is 20 minutes. Main ingredients include Rava, coconut, gram flour, mustard, sesame."
Dudhi halwa,"Bottle gourd, green, raisins, sugar, clarified butter",vegetarian,15,30,sweet,dessert,Gujarat,West,"Dudhi halwa is a vegetarian dessert from Gujarat in the West region of India. It has a sweet flavor. Preparation time is 15 minutes and cooking time is 30 minutes. Main ingredients include Bottle gourd, green, raisins, sugar, clarified butter."
Gatta curry,"Yogurt, besan, sauce, garam masala powder, gram flour",vegetarian,10,20,spicy,main course,Rajasthan,West,"Gatta curry is a vegetarian main course from Rajasthan in the West region of India. It has a spicy flavor. Preparation time is 10 minutes and cooking time is 20 minutes. Main ingredients include Yogurt, besan, sauce, garam masala powder, gram flour."
Gud papdi,"Wheat flour, jaggery, clarified butter, sliced almonds",vegetarian,10,20,sweet,dessert,Gujarat,West,"Gud papdi is a vegetarian dessert from Gujarat in the West region of India. It has a sweet flavor. Preparation time is 10 minutes and cooking time is 20 minutes. Main ingredients include Wheat flour, jaggery, clarified butter, sliced almonds."
Ghooghra,"Dry fruits, semolina, all purpose flour",vegetarian,-1,-1,spicy,snack,Gujarat,West,"Ghooghra is a vegetarian snack from Gujarat in the West region of India. It has a spicy flavor. Preparation time is -1 minutes and cooking time is -1 minutes. Main ingredients include Dry fruits, semolina, all purpose flour."
Handwo,"Bottle gourd, chana dal, cabbage, urad dal, toor dal",vegetarian,20,30,spicy,snack,Gujarat,West,"Handwo is a vegetarian snack from Gujarat in the West region of India. It has a spicy flavor. Preparation time is 20 minutes and cooking time is 30 minutes. Main ingredients include Bottle gourd, chana dal, cabbage, urad dal, toor dal."
Halvasan,"Whole wheat rava, chia seed, lemon, edible gum, litre milk",vegetarian,-1,-1,sweet,dessert,Gujarat,West,"Halvasan is a vegetarian dessert from Gujarat in the West region of India. It has a sweet flavor. Preparation time is -1 minutes and cooking time is -1 minutes. Main ingredients include Whole wheat rava, chia seed, lemon, edible gum, litre milk."
Jeera Aloo,"Green chilies, lemon juice, chili powder, boiled potatoes",vegetarian,10,30,spicy,main course,Gujarat,West,"Jeera Aloo is a vegetarian main course from Gujarat in the West region of India. It has a spicy flavor. Preparation time is 10 minutes and cooking time is 30 minutes. Main ingredients include Green chilies, lemon juice, chili powder, boiled potatoes."
Kansar,"Wheat flour, cashews, rapeseed oil",vegetarian,10,40,-1,main course,Gujarat,West,"Kansar is a vegetarian main course from Gujarat in the West region of India. It has a -1 flavor. Preparation time is 10 minutes and cooking time is 40 minutes. Main ingredients include Wheat flour, cashews, rapeseed oil."
Keri no ras,"Mango, sugar",vegetarian,10,10,sour,main course,Gujarat,West,"Keri no ras is a vegetarian main course from Gujarat in the West region of India. It has a sour flavor. Preparation time is 10 minutes and cooking time is 10 minutes. Main ingredients include Mango, sugar."
Khakhra,"Whole wheat flour, low fat, bengal gram flour",vegetarian,20,40,spicy,snack,Gujarat,West,"Khakhra is a vegetarian snack from Gujarat in the West region of India. It has a spicy flavor. Preparation time is 20 minutes and cooking time is 40 minutes. Main ingredients include Whole wheat flour, low fat, bengal gram flour."
Khandvi,"Green chili paste, white sesame seeds, gram flour, curry leaves, green chili",vegetarian,20,45,spicy,snack,Gujarat,West,"Khandvi is a vegetarian snack from Gujarat in the West region of India. It has a spicy flavor. Preparation time is 20 minutes and cooking time is 45 minutes. Main ingredients include Green chili paste, white sesame seeds, gram flour, curry leaves, green chili."
Kombdi vade,"Rice flour, urad dal, wheat flour, gram flour, turmeric",vegetarian,10,25,spicy,snack,Maharashtra,West,"Kombdi vade is a vegetarian snack from Maharashtra in the West region of India. It has a spicy flavor. Preparation time is 10 minutes and cooking time is 25 minutes. Main ingredients include Rice flour, urad dal, wheat flour, gram flour, turmeric."
Laapsi,"Cinnamon, jaggery, clarified butter, dry roasted",vegetarian,10,40,spicy,main course,Madhya Pradesh,Central,"Laapsi is a vegetarian main course from Madhya Pradesh in the Central region of India. It has a spicy flavor. Preparation time is 10 minutes and cooking time is 40 minutes. Main ingredients include Cinnamon, jaggery, clarified butter, dry roasted."
Koshimbir,"Cucumber, carrot, tomatoes, cilantro",vegetarian,10,10,spicy,main course,Maharashtra,West,"Koshimbir is a vegetarian main course from Maharashtra in the West region of India. It has a spicy flavor. Preparation time is 10 minutes and cooking time is 10 minutes. Main ingredients include Cucumber, carrot, tomatoes, cilantro."
Methi na Gota,"Rava, gram flour, lemon juice, turmeric, fenugreek leaves",vegetarian,15,30,bitter,main course,Gujarat,West,"Methi na Gota is a vegetarian main course from Gujarat in the West region of India. It has a bitter flavor. Preparation time is 15 minutes and cooking time is 30 minutes. Main ingredients include Rava, gram flour, lemon juice, turmeric, fenugreek leaves."
Mohanthal,"Rose water, pistachio, badam, bengal gram flour, saffron",vegetarian,5,45,sweet,dessert,Gujarat,West,"Mohanthal is a vegetarian dessert from Gujarat in the West region of India. It has a sweet flavor. Preparation time is 5 minutes and cooking time is 45 minutes. Main ingredients include Rose water, pistachio, badam, bengal gram flour, saffron."
Muthiya,"Bottle gourd, whole wheat flour, rava, sesame seeds, bengal gram flour",vegetarian,15,30,bitter,snack,Gujarat,West,"Muthiya is a vegetarian snack from Gujarat in the West region of India. It has a bitter flavor. Preparation time is 15 minutes and cooking time is 30 minutes. Main ingredients include Bottle gourd, whole wheat flour, rava, sesame seeds, bengal gram flour."
Patra,"Arbi ke patte, sesame seeds, gur, bengal gram flour, imli",vegetarian,10,40,spicy,snack,Gujarat,West,"Patra is a vegetarian snack from Gujarat in the West region of India. It has a spicy flavor. Preparation time is 10 minutes and cooking time is 40 minutes. Main ingredients include Arbi ke patte, sesame seeds, gur, bengal gram flour, imli."
Pav Bhaji,"Pav bhaji masala, gobi, potatoes, green peas, dinner rolls",vegetarian,20,40,spicy,main course,Maharashtra,West,"Pav Bhaji is a vegetarian main course from Maharashtra in the West region of India. It has a spicy flavor. Preparation time is 20 minutes and cooking time is 40 minutes. Main ingredients include Pav bhaji masala, gobi, potatoes, green peas, dinner rolls."
Puri Bhaji,"Aloo, urad dal, mustard, ginger, curry leaves",vegetarian,10,30,spicy,main course,Maharashtra,West,"Puri Bhaji is a vegetarian main course from Maharashtra in the West region of India. It has a spicy flavor. Preparation time is 10 minutes and cooking time is 30 minutes. Main ingredients include Aloo, urad dal, mustard, ginger, curry leaves."
Sabudana Khichadi,"Raw peanuts, sabudana, lemon, avocado oil, curry leaves, green chili",vegetarian,70,30,spicy,snack,Maharashtra,West,"Sabudana Khichadi is a vegetarian snack from Maharashtra in the West region of India. It has a spicy flavor. Preparation time is 70 minutes and cooking time is 30 minutes. Main ingredients include Raw peanuts, sabudana, lemon, avocado oil, curry leaves, green chili."
Sev khamani,"Khaman, pomegranate, sev, powdered sugar, garlic",vegetarian,20,30,spicy,main course,Gujarat,West,"Sev khamani is a vegetarian main course from Gujarat in the West region of India. It has a spicy flavor. Preparation time is 20 minutes and cooking time is 30 minutes. Main ingredients include Khaman, pomegranate, sev, powdered sugar, garlic."
Sev tameta,"Sev, ginger, tomato, sugar",vegetarian,20,30,spicy,main course,Gujarat,West,"Sev tameta is a vegetarian main course from Gujarat in the West region of India. It has a spicy flavor. Preparation time is 20 minutes and cooking time is 30 minutes. Main ingredients include Sev, ginger, tomato, sugar."
Namakpara,"Wheat flour, baking soda, all purpose flour, black pepper, sunflower oil",vegetarian,10,35,spicy,snack,Gujarat,West,"Namakpara is a vegetarian snack from Gujarat in the West region of India. It has a spicy flavor. Preparation time is 10 minutes and cooking time is 35 minutes. Main ingredients include Wheat flour, baking soda, all purpose flour, black pepper, sunflower oil."
Sukhdi,"Whole wheat flour, gur, clarified butter",vegetarian,10,20,sweet,dessert,Maharashtra,West,"Sukhdi is a vegetarian dessert from Maharashtra in the West region of India. It has a sweet flavor. Preparation time is 10 minutes and cooking time is 20 minutes. Main ingredients include Whole wheat flour, gur, clarified butter."
Surnoli,"Rice flakes, yogurt, raw rice, jaggery, grated coconut",vegetarian,60,10,spicy,snack,Maharashtra,West,"Surnoli is a vegetarian snack from Maharashtra in the West region of India. It has a spicy flavor. Preparation time is 60 minutes and cooking time is 10 minutes. Main ingredients include Rice flakes, yogurt, raw rice, jaggery, grated coconut."
Thalipeeth,"Whole wheat flour, rice flour, pearl millet flour, sorghum flour, sesame seeds",vegetarian,25,30,spicy,main course,Maharashtra,West,"Thalipeeth is a vegetarian main course from Maharashtra in the West region of India. It has a spicy flavor. Preparation time is 25 minutes and cooking time is 30 minutes. Main ingredients include Whole wheat flour, rice flour, pearl millet flour, sorghum flour, sesame seeds."
Undhiyu,"Sweet potato, surti papdi, baby potatoes, valor papdi, green peas",vegetarian,25,60,spicy,main course,Gujarat,West,"Undhiyu is a vegetarian main course from Gujarat in the West region of India. It has a spicy flavor. Preparation time is 25 minutes and cooking time is 60 minutes. Main ingredients include Sweet potato, surti papdi, baby potatoes, valor papdi, green peas."
Veg Kolhapuri,"Gobi, potato, beans, khus khus, coconut",vegetarian,20,30,spicy,main course,Maharashtra,West,"Veg Kolhapuri is a vegetarian main course from Maharashtra in the West region of India. It has a spicy flavor. Preparation time is 20 minutes and cooking time is 30 minutes. Main ingredients include Gobi, potato, beans, khus khus, coconut."
Vindaloo,"Chicken, coconut oil, wine vinegar, ginger, green, cinnamon",non vegetarian,10,40,spicy,main course,Goa,West,"Vindaloo is a non vegetarian main course from Goa in the West region of India. It has a spicy flavor. Preparation time is 10 minutes and cooking time is 40 minutes. Main ingredients include Chicken, coconut oil, wine vinegar, ginger, green, cinnamon."
Lilva Kachori,"Green garlic chutney, fresh green peas, ginger, lemon juice, plain flour",vegetarian,30,6,spicy,snack,Gujarat,West,"Lilva Kachori is a vegetarian snack from Gujarat in the West region of India. It has a spicy flavor. Preparation time is 30 minutes and cooking time is 6 minutes. Main ingredients include Green garlic chutney, fresh green peas, ginger, lemon juice, plain flour."
Mag Dhokli,"Moong beans, jaggery, red chillies, oil, salt",vegetarian,-1,-1,spicy,snack,Gujarat,West,"Mag Dhokli is a vegetarian snack from Gujarat in the West region of India. It has a spicy flavor. Preparation time is -1 minutes and cooking time is -1 minutes. Main ingredients include Moong beans, jaggery, red chillies, oil, salt."
Khichu,"Rice flour, sesame seeds, baking soda, peanut oil",vegetarian,5,10,spicy,snack,Gujarat,West,"Khichu is a vegetarian snack from Gujarat in the West region of India. It has a spicy flavor. Preparation time is 5 minutes and cooking time is 10 minutes. Main ingredients include Rice flour, sesame seeds, baking soda, peanut oil."
Thepla,"Chickpea flour, methi leaves, jowar flour, wheat flour",vegetarian,15,30,spicy,snack,Gujarat,West,"Thepla is a vegetarian snack from Gujarat in the West region of India. It has a spicy flavor. Preparation time is 15 minutes and cooking time is 30 minutes. Main ingredients include Chickpea flour, methi leaves, jowar flour, wheat flour."
Farsi Puri,"Semolina, clarified butter, oil, white flour, black pepper",vegetarian,-1,-1,-1,snack,Gujarat,West,"Farsi Puri is a vegetarian snack from Gujarat in the West region of India. It has a -1 flavor. Preparation time is -1 minutes and cooking time is -1 minutes. Main ingredients include Semolina, clarified butter, oil, white flour, black pepper."
Khaman,"Yogurt, fresh coconut, sesame seeds, semolina, gram flour",vegetarian,10,20,spicy,snack,Gujarat,West,"Khaman is a vegetarian snack from Gujarat in the West region of India. It has a spicy flavor. Preparation time is 10 minutes and cooking time is 20 minutes. Main ingredients include Yogurt, fresh coconut, sesame seeds, semolina, gram flour."
Turiya Patra Vatana sabji,"Ridge gourd, baking soda, sugar, grated coconut, peas",vegetarian,35,40,spicy,main course,Gujarat,West,"Turiya Patra Vatana sabji is a vegetarian main course from Gujarat in the West region of India. It has a spicy flavor. Preparation time is 35 minutes and cooking time is 40 minutes. Main ingredients include Ridge gourd, baking soda, sugar, grated coconut, peas."
Churma Ladoo,"Whole wheat flour, khus khus, sesame seeds, dry coconut, gur",vegetarian,12,40,sweet,dessert,Rajasthan,West,"Churma Ladoo is a vegetarian dessert from Rajasthan in the West region of India. It has a sweet flavor. Preparation time is 12 minutes and cooking time is 40 minutes. Main ingredients include Whole wheat flour, khus khus, sesame seeds, dry coconut, gur."
Cheera Doi,"Rice, mango, curd",vegetarian,-1,-1,sweet,dessert,West Bengal,East,"Cheera Doi is a vegetarian dessert from West Bengal in the East region of India. It has a sweet flavor. Preparation time is -1 minutes and cooking time is -1 minutes. Main ingredients include Rice, mango, curd."
Gheela Pitha,"Sticky rice, rice flour, jaggery, orange rind",vegetarian,10,30,sweet,dessert,Assam,North East,"Gheela Pitha is a vegetarian dessert from Assam in the North East region of India. It has a sweet flavor. Preparation time is 10 minutes and cooking time is 30 minutes. Main ingredients include Sticky rice, rice flour, jaggery, orange rind."
Khar,"Raw papaya, panch phoran masala, nigella seeds, mustard oil, fennel seeds",vegetarian,10,20,-1,main course,Assam,North East,"Khar is a vegetarian main course from Assam in the North East region of India. It has a -1 flavor. Preparation time is 10 minutes and cooking time is 20 minutes. Main ingredients include Raw papaya, panch phoran masala, nigella seeds, mustard oil, fennel seeds."
Kumol Sawul,"Rice, eggs, carrot, beetroot",non vegetarian,-1,-1,spicy,main course,Assam,North East,"Kumol Sawul is a non vegetarian main course from Assam in the North East region of India. It has a spicy flavor. Preparation time is -1 minutes and cooking time is -1 minutes. Main ingredients include Rice, eggs, carrot, beetroot."
Luchi,"Maida, vegetable oil",vegetarian,20,30,-1,main course,West Bengal,East,"Luchi is a vegetarian main course from West Bengal in the East region of India. It has a -1 flavor. Preparation time is 20 minutes and cooking time is 30 minutes. Main ingredients include Maida, vegetable oil."
Alu Pitika,"Potatoes, mustard oil, fish, green chillies",non vegetarian,5,20,spicy,main course,Assam,North East,"Alu Pitika is a non vegetarian main course from Assam in the North East region of India. It has a spicy flavor. Preparation time is 5 minutes and cooking time is 20 minutes. Main ingredients include Potatoes, mustard oil, fish, green chillies."
Masor tenga,"Ridge gourd, fish, lemon, tomatoes, mustard oil",non vegetarian,15,25,spicy,main course,Assam,North East,"Masor tenga is a non vegetarian main course from Assam in the North East region of India. It has a spicy flavor. Preparation time is 15 minutes and cooking time is 25 minutes. Main ingredients include Ridge gourd, fish, lemon, tomatoes, mustard oil."
Bengena Pitika,"Brinjal, onions, salt, sesame seeds, coriander",vegetarian,-1,-1,-1,main course,Assam,North East,"Bengena Pitika is a vegetarian main course from Assam in the North East region of India. It has a -1 flavor. Preparation time is -1 minutes and cooking time is -1 minutes. Main ingredients include Brinjal, onions, salt, sesame seeds, coriander."
Bilahi Maas,"Potatoes, garam masala, tomatoes, mustard oil, bay leaf",non vegetarian,10,20,-1,main course,Assam,North East,"Bilahi Maas is a non vegetarian main course from Assam in the North East region of India. It has a -1 flavor. Preparation time is 10 minutes and cooking time is 20 minutes. Main ingredients include Potatoes, garam masala, tomatoes, mustard oil, bay leaf."
Black rice,"Forbidden black rice, chicken, olive oil, slivered almonds, garlic powder",non vegetarian,-1,-1,-1,main course,Manipur,North East,"Black rice is a non vegetarian main course from Manipur in the North East region of India. It has a -1 flavor. Preparation time is -1 minutes and cooking time is -1 minutes. Main ingredients include Forbidden black rice, chicken, olive oil, slivered almonds, garlic powder."
Bora Sawul,"Biryani masala, mixed vegetables, yellow moong daal, whole red, mustard seeds",vegetarian,-1,-1,spicy,main course,Assam,North East,"Bora Sawul is a vegetarian main course from Assam in the North East region of India. It has a spicy flavor. Preparation time is -1 minutes and cooking time is -1 minutes. Main ingredients include Biryani masala, mixed vegetables, yellow moong daal, whole red, mustard seeds."
Brown Rice,"Brown rice, soy sauce, olive oil",vegetarian,15,25,-1,main course,-1,-1,"Brown Rice is a vegetarian main course from -1 in the -1 region of India. It has a -1 flavor. Preparation time is 15 minutes and cooking time is 25 minutes. Main ingredients include Brown rice, soy sauce, olive oil."
Chingri malai curry,"Coconut milk, lobster, fresh green chilli, ginger, red onion",non vegetarian,10,40,spicy,main course,West Bengal,East,"Chingri malai curry is a non vegetarian main course from West Bengal in the East region of India. It has a spicy flavor. Preparation time is 10 minutes and cooking time is 40 minutes. Main ingredients include Coconut milk, lobster, fresh green chilli, ginger, red onion."
Goja,"Baking soda, clarified butter, oil, all purpose flour",vegetarian,20,60,sweet,dessert,West Bengal,East,"Goja is a vegetarian dessert from West Bengal in the East region of India. It has a sweet flavor. Preparation time is 20 minutes and cooking time is 60 minutes. Main ingredients include Baking soda, clarified butter, oil, all purpose flour."
Hando Guri,"Jaggery, raisins",vegetarian,-1,-1,sweet,dessert,Assam,North East,"Hando Guri is a vegetarian dessert from Assam in the North East region of India. It has a sweet flavor. Preparation time is -1 minutes and cooking time is -1 minutes. Main ingredients include Jaggery, raisins."
Haq Maas,"Lamb, garam masala powder, curd, turmeric, bay leaf",non vegetarian,20,40,spicy,main course,Assam,North East,"Haq Maas is a non vegetarian main course from Assam in the North East region of India. It has a spicy flavor. Preparation time is 20 minutes and cooking time is 40 minutes. Main ingredients include Lamb, garam masala powder, curd, turmeric, bay leaf."
Chingri Bhape,"Coconut, prawns, curd, mustard seed, green chili",non vegetarian,15,30,-1,main course,West Bengal,East,"Chingri Bhape is a non vegetarian main course from West Bengal in the East region of India. It has a -1 flavor. Preparation time is 15 minutes and cooking time is 30 minutes. Main ingredients include Coconut, prawns, curd, mustard seed, green chili."
Kabiraji,"Fish fillet, besan, lemon, mint, ginger",non vegetarian,-1,-1,spicy,main course,West Bengal,East,"Kabiraji is a non vegetarian main course from West Bengal in the East region of India. It has a spicy flavor. Preparation time is -1 minutes and cooking time is -1 minutes. Main ingredients include Fish fillet, besan, lemon, mint, ginger."
Khorisa,"Fermented bamboo shoot, potato, ginger, green, mustard oil",vegetarian,-1,-1,spicy,main course,Assam,North East,"Khorisa is a vegetarian main course from Assam in the North East region of India. It has a spicy flavor. Preparation time is -1 minutes and cooking time is -1 minutes. Main ingredients include Fermented bamboo shoot, potato, ginger, green, mustard oil."
Koldil Chicken,"Banana flower, chicken, green chili, mustard oil, lemon juice",non vegetarian,-1,-1,spicy,main course,Assam,North East,"Koldil Chicken is a non vegetarian main course from Assam in the North East region of India. It has a spicy flavor. Preparation time is -1 minutes and cooking time is -1 minutes. Main ingredients include Banana flower, chicken, green chili, mustard oil, lemon juice."
Konir Dom,"Aloo, tomatoes, mustard oil, bay leaf, cinnamon stick",non vegetarian,-1,-1,spicy,main course,Assam,North East,"Konir Dom is a non vegetarian main course from Assam in the North East region of India. It has a spicy flavor. Preparation time is -1 minutes and cooking time is -1 minutes. Main ingredients include Aloo, tomatoes, mustard oil, bay leaf, cinnamon stick."
Koldil Duck,"Rice flour, mutton, banana, gram flour, olive oil, baking powder",non vegetarian,-1,-1,spicy,main course,Assam,North East,"Koldil Duck is a non vegetarian main course from Assam in the North East region of India. It has a spicy flavor. Preparation time is -1 minutes and cooking time is -1 minutes. Main ingredients include Rice flour, mutton, banana, gram flour, olive oil, baking powder."
Masor Koni,"Fish roe, pumpkin flowers, mustard oil, turmeric, tomato",non vegetarian,-1,-1,spicy,main course,Assam,North East,"Masor Koni is a non vegetarian main course from Assam in the North East region of India. It has a spicy flavor. Preparation time is -1 minutes and cooking time is -1 minutes. Main ingredients include Fish roe, pumpkin flowers, mustard oil, turmeric, tomato."
Mishti Chholar Dal,"Chana dal, fresh coconut, ginger, cinnamon, raisins",vegetarian,10,30,sweet,main course,West Bengal,East,"Mishti Chholar Dal is a vegetarian main course from West Bengal in the East region of India. It has a sweet flavor. Preparation time is 10 minutes and cooking time is 30 minutes. Main ingredients include Chana dal, fresh coconut, ginger, cinnamon, raisins."
Pakhala,"Curd, cooked rice, curry leaves, dry chilli",vegetarian,-1,-1,-1,main course,Odisha,East,"Pakhala is a vegetarian main course from Odisha in the East region of India. It has a -1 flavor. Preparation time is -1 minutes and cooking time is -1 minutes. Main ingredients include Curd, cooked rice, curry leaves, dry chilli."
Pani Pitha,"Tea leaves, white sesame seeds, dry coconut, soaked rice",vegetarian,10,20,-1,main course,Assam,North East,"Pani Pitha is a vegetarian main course from Assam in the North East region of India. It has a -1 flavor. Preparation time is 10 minutes and cooking time is 20 minutes. Main ingredients include Tea leaves, white sesame seeds, dry coconut, soaked rice."
Payokh,"Basmati rice, rose water, sugar, clarified butter, cardamom pods",vegetarian,-1,-1,sweet,dessert,Assam,North East,"Payokh is a vegetarian dessert from Assam in the North East region of India. It has a sweet flavor. Preparation time is -1 minutes and cooking time is -1 minutes. Main ingredients include Basmati rice, rose water, sugar, clarified butter, cardamom pods."
Prawn malai curry,"Coconut milk, prawns, garlic, turmeric, sugar",non vegetarian,15,50,spicy,main course,West Bengal,East,"Prawn malai curry is a non vegetarian main course from West Bengal in the East region of India. It has a spicy flavor. Preparation time is 15 minutes and cooking time is 50 minutes. Main ingredients include Coconut milk, prawns, garlic, turmeric, sugar."
Red Rice,"Red pepper, red onion, butter, watercress, olive oil",vegetarian,-1,-1,-1,main course,-1,-1,"Red Rice is a vegetarian main course from -1 in the -1 region of India. It has a -1 flavor. Preparation time is -1 minutes and cooking time is -1 minutes. Main ingredients include Red pepper, red onion, butter, watercress, olive oil."
Shukto,"Green beans, bitter gourd, ridge gourd, banana, brinjal",vegetarian,10,20,spicy,main course,West Bengal,East,"Shukto is a vegetarian main course from West Bengal in the East region of India. It has a spicy flavor. Preparation time is 10 minutes and cooking time is 20 minutes. Main ingredients include Green beans, bitter gourd, ridge gourd, banana, brinjal."
Til Pitha,"Glutinous rice, black sesame seeds, gur",vegetarian,5,30,sweet,dessert,Assam,North East,"Til Pitha is a vegetarian dessert from Assam in the North East region of India. It has a sweet flavor. Preparation time is 5 minutes and cooking time is 30 minutes. Main ingredients include Glutinous rice, black sesame seeds, gur."
Bebinca,"Coconut milk, egg yolks, clarified butter, all purpose flour",vegetarian,20,60,sweet,dessert,Goa,West,"Bebinca is a vegetarian dessert from Goa in the West region of India. It has a sweet flavor. Preparation time is 20 minutes and cooking time is 60 minutes. Main ingredients include Coconut milk, egg yolks, clarified butter, all purpose flour."
Shufta,"Cottage cheese, dry dates, dried rose petals, pistachio, badam",vegetarian,-1,-1,sweet,dessert,Jammu & Kashmir,North,"Shufta is a vegetarian dessert from Jammu & Kashmir in the North region of India. It has a sweet flavor. Preparation time is -1 minutes and cooking time is -1 minutes. Main ingredients include Cottage cheese, dry dates, dried rose petals, pistachio, badam."
Mawa Bati,"Milk powder, dry fruits, arrowroot powder, all purpose flour",vegetarian,20,45,sweet,dessert,Madhya Pradesh,Central,"Mawa Bati is a vegetarian dessert from Madhya Pradesh in the Central region of India. It has a sweet flavor. Preparation time is 20 minutes and cooking time is 45 minutes. Main ingredients include Milk powder, dry fruits, arrowroot powder, all purpose flour."
Pinaca,"Brown rice, fennel seeds, grated coconut, black pepper, ginger powder",vegetarian,-1,-1,sweet,dessert,Goa,West,"Pinaca is a vegetarian dessert from Goa in the West region of India. It has a sweet flavor. Preparation time is -1 minutes and cooking time is -1 minutes. Main ingredients include Brown rice, fennel seeds, grated coconut, black pepper, ginger powder."
